{
  "properties": {
    "connectionReferences": {
      "shared_commondataserviceforapps": {
        "runtimeSource": "embedded",
        "connection": {
          "connectionReferenceLogicalName": "crd69_sharedcommondataserviceforapps_fe0ff"
        },
        "api": {
          "name": "shared_commondataserviceforapps"
        }
      }
    },
    "definition": {
      "$schema": "https://schema.management.azure.com/providers/Microsoft.Logic/schemas/2016-06-01/workflowdefinition.json#",
      "contentVersion": "1.0.0.0",
      "parameters": {
        "$connections": {
          "defaultValue": {},
          "type": "Object"
        },
        "$authentication": {
          "defaultValue": {},
          "type": "SecureObject"
        }
      },
      "triggers": {
        "When_an_Interview_is_Scheduled": {
          "metadata": {
            "operationMetadataId": "6052e7a7-b5ee-4ba5-ab1f-1cc81d39a18d"
          },
          "type": "OpenApiConnectionWebhook",
          "inputs": {
            "host": {
              "connectionName": "shared_commondataserviceforapps",
              "operationId": "SubscribeWebhookTrigger",
              "apiId": "/providers/Microsoft.PowerApps/apis/shared_commondataserviceforapps"
            },
            "parameters": {
              "subscriptionRequest/message": 3,
              "subscriptionRequest/entityname": "crd69_application",
              "subscriptionRequest/scope": 4,
              "subscriptionRequest/filteringattributes": "crd69_interviewstarttime"
            },
            "authentication": "@parameters('$authentication')"
          }
        }
      },
      "actions": {
        "Get_the_associated_Contact": {
          "runAfter": {},
          "metadata": {
            "operationMetadataId": "738c6b45-026f-4675-8691-2b1836d5b202"
          },
          "type": "OpenApiConnection",
          "inputs": {
            "host": {
              "connectionName": "shared_commondataserviceforapps",
              "operationId": "GetItem",
              "apiId": "/providers/Microsoft.PowerApps/apis/shared_commondataserviceforapps"
            },
            "parameters": {
              "entityName": "contacts",
              "recordId": "@triggerOutputs()?['body/_crd69_candidate_value']"
            },
            "authentication": "@parameters('$authentication')"
          }
        },
        "Create_an_appointment": {
          "runAfter": {
            "Get_the_associated_Contact": [
              "Succeeded"
            ]
          },
          "metadata": {
            "operationMetadataId": "93e28987-8609-4295-9717-8c1424ea2989"
          },
          "type": "OpenApiConnection",
          "inputs": {
            "host": {
              "connectionName": "shared_commondataserviceforapps",
              "operationId": "CreateRecord",
              "apiId": "/providers/Microsoft.PowerApps/apis/shared_commondataserviceforapps"
            },
            "parameters": {
              "entityName": "appointments",
              "item/scheduledend": "@triggerOutputs()?['body/crd69_interviewendtime']",
              "item/scheduledstart": "@triggerOutputs()?['body/crd69_interviewstarttime']",
              "item/subject": "Interview: @{outputs('Get_the_associated_Contact')?['body/fullname']}",
              "item/isonlinemeeting": true,
              "item/regardingobjectid_crd69_application_appointment@odata.bind": "/crd69_applications(@{triggerOutputs()?['body/crd69_applicationid']})",
              "item/activitypointer_activity_parties": [
                {
                  "participationtypemask": 7,
                  "partyid@odata.bind": "/systemusers(@{triggerOutputs()?['body/_ownerid_value']})"
                },
                {
                  "participationtypemask": 5,
                  "partyid@odata.bind": "/contacts(@{triggerOutputs()?['body/_crd69_candidate_value']})"
                }
              ]
            },
            "authentication": "@parameters('$authentication')"
          }
        }
      }
    },
    "templateName": null
  },
  "schemaVersion": "1.0.0.0"
}