{
  "properties": {
    "connectionReferences": {
      "shared_commondataserviceforapps": {
        "runtimeSource": "embedded",
        "connection": {
          "connectionReferenceLogicalName": "crd69_sharedcommondataserviceforapps_fe0ff"
        },
        "api": {
          "name": "shared_commondataserviceforapps"
        }
      }
    },
    "definition": {
      "$schema": "https://schema.management.azure.com/providers/Microsoft.Logic/schemas/2016-06-01/workflowdefinition.json#",
      "contentVersion": "1.0.0.0",
      "parameters": {
        "$connections": {
          "defaultValue": {},
          "type": "Object"
        },
        "$authentication": {
          "defaultValue": {},
          "type": "SecureObject"
        }
      },
      "triggers": {
        "When_an_offer_is_made_for_an_Application": {
          "metadata": {
            "operationMetadataId": "a266aa31-b30f-4364-aaf6-514a9129f93e"
          },
          "type": "OpenApiConnectionWebhook",
          "inputs": {
            "host": {
              "connectionName": "shared_commondataserviceforapps",
              "operationId": "SubscribeWebhookTrigger",
              "apiId": "/providers/Microsoft.PowerApps/apis/shared_commondataserviceforapps"
            },
            "parameters": {
              "subscriptionRequest/message": 3,
              "subscriptionRequest/entityname": "crd69_application",
              "subscriptionRequest/scope": 4,
              "subscriptionRequest/filteringattributes": "crd69_offermade",
              "subscriptionRequest/filterexpression": "crd69_offermade eq true"
            },
            "authentication": "@parameters('$authentication')"
          }
        }
      },
      "actions": {
        "Get_the_associated_Asset": {
          "runAfter": {},
          "metadata": {
            "operationMetadataId": "4089e80d-2f21-40e1-817e-88a6fa5638f6"
          },
          "type": "OpenApiConnection",
          "inputs": {
            "host": {
              "connectionName": "shared_commondataserviceforapps",
              "operationId": "GetItem",
              "apiId": "/providers/Microsoft.PowerApps/apis/shared_commondataserviceforapps"
            },
            "parameters": {
              "entityName": "crd69_roles",
              "recordId": "@triggerOutputs()?['body/_crd69_role_value']"
            },
            "authentication": "@parameters('$authentication')"
          }
        },
        "Set_Role_to_Filled": {
          "runAfter": {
            "Get_the_associated_Asset": [
              "Succeeded"
            ]
          },
          "metadata": {
            "operationMetadataId": "0b557178-662a-48bd-b31e-ba952717b274"
          },
          "type": "OpenApiConnection",
          "inputs": {
            "host": {
              "connectionName": "shared_commondataserviceforapps",
              "operationId": "UpdateRecord",
              "apiId": "/providers/Microsoft.PowerApps/apis/shared_commondataserviceforapps"
            },
            "parameters": {
              "entityName": "crd69_roles",
              "recordId": "@outputs('Get_the_associated_Asset')?['body/crd69_roleid']",
              "item/crd69_rolestatus": 154120001
            },
            "authentication": "@parameters('$authentication')"
          }
        }
      }
    },
    "templateName": ""
  },
  "schemaVersion": "1.0.0.0"
}